time,temperature
94.76239061355591,80.0
95.07141494750977,83.0
95.37133574485779,82.0
95.6693742275238,82.0
95.99123978614807,84.0
