time,temperature
0.0012323856353759766,181.0
0.30652904510498047,181.0
0.6310896873474121,182.0
0.9494521617889404,184.0
1.2536156177520752,186.0
1.5593788623809814,190.0
