time,temperature
90.88759565353394,81.0
91.18651080131531,79.0
91.48655843734741,80.0
91.78463816642761,78.0
92.08504223823547,82.0
